ID,FName,Gender,Age,Department,Salary
1,Jasun,Male,31,Research and Development,22700
2,Elwood,Male,70,Support,29479
3,Ingar,Male,37,Training,17579
4,Ardella,Female,59,Marketing,71651
5,Mariejeanne,Female,46,Product Management,92615
6,Andreas,Male,37,Sales,53244
7,Oswald,Male,56,Business Development,44818
8,Geoff,Male,32,Engineering,2832
9,Elmer,Male,68,Marketing,83296
10,Benedetta,Female,73,Human Resources,67764
11,Winfield,Male,44,Training,10876
12,Isidor,Male,57,Accounting,80268
13,Sibelle,Female,23,Product Management,45883
14,Beauregard,Male,62,Training,99789
15,Katrinka,Female,38,Research and Development,98832
16,Ruth,Female,36,Training,70537
17,Shirley,Female,38,Support,84905
18,Cherie,Female,38,Business Development,49718
19,Carmine,Female,29,Product Management,84831
20,Alameda,Female,51,Sales,33366
21,Vinson,Male,29,Business Development,72802
22,Brandice,Female,55,Services,69318
23,Trudy,Female,55,Engineering,53794
24,Tamas,Male,38,Sales,52513
25,Wesley,Male,77,Human Resources,2467
26,Kevon,Male,52,Research and Development,29321
27,Renata,Female,32,Legal,83576
28,Yancy,Male,38,Legal,30547
29,Derry,Male,59,Training,67811
30,Kaleb,Male,79,Legal,43791
31,Ilka,Female,25,Marketing,20395
32,Alphonso,Male,71,Support,51194
33,Verine,Female,26,Human Resources,12581
34,Alanah,Female,36,Engineering,93001
35,Kelbee,Male,58,Engineering,78003
36,Elbert,Male,59,Marketing,23721
37,Jemmie,Female,71,Business Development,48780
38,Bjorn,Male,24,Business Development,31127
39,Atlanta,Female,46,Training,38762
40,Isiahi,Male,59,Product Management,8213
41,Kitty,Female,41,Services,72465
42,Nahum,Male,52,Product Management,90698
43,Baillie,Male,24,Accounting,7161
44,Leisha,Female,61,Services,4602
45,Fredra,Female,25,Research and Development,97169
46,Nerita,Female,46,Support,45953
47,Augustine,Female,30,Support,24689
48,Burg,Male,35,Training,82895
49,Ethelda,Female,32,Marketing,4003
50,August,Male,32,Engineering,89347
51,Rob,Male,66,Sales,10276
52,Karlis,Male,70,Product Management,47047
53,Raeann,Female,77,Accounting,43771
54,Batsheva,Female,51,Business Development,48001
55,Alic,Male,72,Human Resources,49504
56,Lyndsey,Female,52,Services,24942
57,Mason,Male,48,Business Development,23273
58,Timothy,Male,27,Marketing,61876
59,Chrissy,Female,80,Legal,50360
60,Lorrayne,Female,60,Support,81595
61,Laural,Female,47,Engineering,88665
62,Gilbertina,Female,69,Services,69922
63,Earl,Male,80,Marketing,56335
64,Anthe,Female,36,Legal,12936
65,Courtenay,Female,29,Sales,14939
66,Marsiella,Female,22,Training,40611
67,Solomon,Male,80,Sales,94566
68,Merridie,Female,26,Training,58032
69,Paolina,Female,67,Engineering,13583
70,Onida,Female,78,Product Management,92536
71,Etti,Female,27,Support,51800
72,Lani,Female,54,Legal,31904
73,Brady,Male,77,Product Management,79656
74,Genny,Female,80,Support,56322
75,Lorenza,Female,36,Business Development,99161
76,Candace,Female,22,Support,44410
77,Brig,Male,75,Support,89779
78,Marcelline,Female,38,Business Development,23089
79,Edithe,Female,63,Sales,6823
80,Vinnie,Male,72,Human Resources,24215
81,Aldwin,Male,69,Research and Development,22297
82,Nahum,Male,77,Human Resources,99262
83,Chrissy,Male,28,Accounting,4303
84,Fielding,Male,68,Training,75566
85,Aubry,Female,36,Product Management,62016
86,Rebeca,Female,31,Training,11479
87,Redford,Male,57,Product Management,33515
88,Cale,Male,33,Services,72553
89,Regan,Male,50,Human Resources,53340
90,Cathe,Female,76,Accounting,71847
91,Gauthier,Male,63,Marketing,16375
92,Lucky,Female,59,Legal,78900
93,Vaclav,Male,22,Accounting,96081
94,Damon,Male,62,Research and Development,18716
95,Cindee,Female,71,Research and Development,50942
96,Hyacinth,Female,38,Human Resources,62522
97,Nerta,Female,60,Legal,47799
98,Aubrie,Female,77,Research and Development,98703
99,Elvyn,Male,22,Sales,50258
100,Nevin,Male,24,Services,17268